Program_ID,Location,Enrollment,Completion_Rate,Literacy_Improvement
1,Urban,164,98.18274505551727,22.698700520802372
2,Semi-Urban,57,87.64433085120757,62.867554742083506
3,Urban,407,87.7474800953067,2.35102845258649
4,Semi-Urban,248,68.66268638167156,10.613222434513226
5,Rural,369,53.93822840022274,70.12277052725298
6,Urban,90,55.75288815491344,45.92862257723339
7,Rural,390,57.28082697852345,46.90223221840766
8,Semi-Urban,370,73.84658470372094,56.30032106783071
9,Urban,348,66.74222558533924,90.40391184631761
10,Urban,229,79.4773473329021,4.642169946131625
11,Semi-Urban,302,52.63966969974368,84.06374030729232
12,Rural,181,90.72494271339652,96.8686203854725
13,Rural,251,92.66193866550185,94.80651407450094
14,Semi-Urban,212,50.169281709243684,55.37364290861636
15,Urban,205,50.298522170944615,29.820301081093813
16,Urban,68,60.40155034379907,0.2098056987099306
17,Urban,368,58.154792902060834,26.644567289267474
18,Semi-Urban,66,58.263154654357834,19.18966674746804
19,Urban,149,91.39568132105623,66.6553962151505
20,Semi-Urban,300,79.2986570483432,14.010170759551222
21,Urban,399,64.77933903403535,40.215591524314355
22,Urban,153,80.88712903859079,94.83628501552663
23,Urban,271,57.28299681133715,71.40545879313848
24,Rural,452,94.53081370603104,30.176512242446417
25,Semi-Urban,243,73.35532692158148,18.169526860633933
26,Rural,443,66.04386745548805,51.91852699312706
27,Rural,438,65.77776276330171,98.57725238083428
28,Semi-Urban,179,51.168457915204826,15.929715108356234
29,Urban,349,51.79694473769173,69.20612506929645
30,Semi-Urban,438,60.64489406844504,74.27187114814475
31,Rural,256,85.44620172968169,23.714333947792955
32,Urban,259,72.75816859226472,63.215305471694606
33,Semi-Urban,398,59.984160477898925,23.91554576935243
34,Semi-Urban,484,99.01078789849525,26.251659520237435
35,Rural,181,91.3272645642072,62.97499274832874
36,Urban,223,80.84860275766695,70.89386269160615
37,Rural,126,62.81185591846623,81.84991580456543
38,Urban,271,63.532606959918866,67.89625415256846
39,Urban,195,96.50653063474724,8.985704699546693
40,Semi-Urban,243,75.24750903478832,52.15689813874086
41,Semi-Urban,184,84.6763437440723,41.25432775873088
42,Rural,401,96.91027961742697,11.4278797188603
43,Semi-Urban,154,79.78317391139677,61.63652123803307
44,Semi-Urban,237,80.88601875116328,63.172091267986296
45,Rural,306,52.130187425198685,29.98735842779109
46,Semi-Urban,294,54.051622288306646,8.615208331887313
47,Rural,220,64.86132202594032,76.35190730389621
48,Rural,75,54.4043823307044,28.160675176724435
49,Semi-Urban,271,63.76993495634224,51.37117806223731
50,Rural,354,85.56007581649222,76.04739422127203
51,Semi-Urban,221,98.43380346084928,32.468796997226214
52,Semi-Urban,173,56.190813490043226,38.871345493394536
53,Semi-Urban,188,74.14480339216287,63.33467155661035
54,Semi-Urban,470,62.50500990643893,16.048155791501053
55,Semi-Urban,443,68.68848337037107,85.18635526288325
56,Urban,365,69.5700396427638,56.924233599176645
57,Semi-Urban,207,84.75488875004704,27.33242479745125
58,Rural,245,90.47038016724159,12.128060734735246
59,Rural,219,64.55145558748028,99.05751513584332
60,Semi-Urban,157,90.04113160376752,14.224157464775633
61,Urban,296,63.47946280232644,80.2721971988221
62,Rural,417,80.24846283679277,88.06058015563447
63,Urban,416,93.70331123810519,3.970301852245861
64,Semi-Urban,440,92.1588727761094,15.609373875811826
65,Semi-Urban,273,69.57335877188719,71.14226991677259
66,Urban,450,74.6532426309852,25.919185417321312
67,Urban,461,51.61811330420778,10.279314463566081
68,Rural,102,75.50159303286817,14.555015420614215
69,Semi-Urban,95,90.21950258470996,15.67516987796922
70,Urban,67,70.39758801996882,60.06203726973571
71,Urban,57,87.16990539314841,3.2000201364951852
72,Urban,387,65.40468388146046,21.067929592482017
73,Urban,225,51.86034202536553,82.35216258211051
74,Urban,465,94.26135385220158,89.45846607993661
75,Semi-Urban,148,92.35501295130558,61.72885497150875
76,Urban,365,81.73121772484643,92.48627385572277
77,Urban,218,71.5205989815683,28.25284534648762
78,Semi-Urban,419,80.71528331299461,13.900916081213044
79,Urban,157,65.27295163317974,19.32268345391802
80,Rural,109,99.57373629151641,42.54743021987314
81,Rural,383,63.29666781946582,53.444865964826946
82,Rural,312,73.44258910932602,77.57285600046478
83,Urban,456,54.52219761918933,44.931545795798435
84,Urban,433,74.19463912466163,79.3491420329839
85,Rural,339,68.7616492817479,29.613698724531723
86,Rural,392,62.78181058086229,42.76860224143497
87,Rural,272,94.92918511855996,66.78149948632874
88,Urban,460,98.69185155946963,47.86495067369668
89,Urban,359,59.22987226804888,55.312039375245746
90,Semi-Urban,484,57.231703943954805,4.8080210560225485
91,Rural,267,87.62872239447645,52.03681498734167
92,Rural,267,69.36432278043365,36.424842806894816
93,Urban,246,79.3339723715398,56.30252251680962
94,Semi-Urban,155,75.55282734816367,72.49249619245917
95,Rural,366,79.04621575667795,67.88068560199662
96,Semi-Urban,98,68.04268177058249,79.28330007758487
97,Semi-Urban,103,77.41138401367985,42.50248936450376
98,Rural,90,98.68418829504567,71.35813222892078
99,Semi-Urban,93,58.26751617428367,98.35869796528588
100,Rural,420,94.82924723192674,45.64371611537332
